"","year","dem_2p","district","state"
"1",2020,0.447381512761507,"1","AK"
"2",2018,0.463348933190846,"1","AK"
"3",2016,0.41563069041631,"1","AK"
"4",2020,0.357017045103395,"1","AL"
"5",2018,0.39400144039125,"1","AL"
"6",2016,0.349503964848443,"1","AL"
"7",2020,0.348522061837327,"2","AL"
"8",2018,0.354844322227739,"2","AL"
"9",2016,0.330203339967119,"2","AL"
"10",2020,0.328268302815326,"3","AL"
"11",2018,0.354899998228489,"3","AL"
"12",2016,0.321964727117207,"3","AL"
"13",2020,0.188029435610379,"4","AL"
"14",2018,0.251830029971137,"4","AL"
"15",2016,0.185963548534862,"4","AL"
"16",2020,0.363083674127169,"5","AL"
"17",2018,0.385601717746673,"5","AL"
"18",2016,0.326388517333505,"5","AL"
"19",2020,0.346058191615525,"6","AL"
"20",2018,0.378516441651935,"6","AL"
"21",2016,0.297274718624401,"6","AL"
"22",2020,0.664611054647799,"7","AL"
"23",2018,0.682096871901129,"7","AL"
"24",2016,0.659748242327285,"7","AL"
"25",2020,0.289254743618298,"1","AR"
"26",2018,0.287335509413095,"1","AR"
"27",2016,0.316610268110061,"1","AR"
"28",2020,0.432610921922811,"2","AR"
"29",2018,0.378720567733334,"2","AR"
"30",2016,0.420051723059169,"2","AR"
"31",2020,0.379297085552042,"3","AR"
"32",2018,0.329318841016068,"3","AR"
"33",2016,0.34486565142126,"3","AR"
"34",2020,0.318783105179886,"4","AR"
"35",2018,0.304206100790843,"4","AR"
"36",2016,0.34071299433805,"4","AR"
"37",2020,0.504624145264939,"1","AZ"
"38",2018,0.410871032054981,"1","AZ"
"39",2016,0.475011552056266,"1","AZ"
"40",2020,0.461743820294075,"2","AZ"
"41",2018,0.402307402016281,"2","AZ"
"42",2016,0.445910955856333,"2","AZ"
"43",2020,0.765629949043949,"3","AZ"
"44",2018,0.716785442713399,"3","AZ"
"45",2016,0.780952532425705,"3","AZ"
"46",2020,0.557964613775244,"4","AZ"
"47",2018,0.471803245142092,"4","AZ"
"48",2016,0.519176065888268,"4","AZ"
"49",2020,0.418281092875186,"5","AZ"
"50",2018,0.348155479795203,"5","AZ"
"51",2016,0.385151320757781,"5","AZ"
"52",2020,0.502021823883835,"6","AZ"
"53",2018,0.420930413116976,"6","AZ"
"54",2016,0.472796860280392,"6","AZ"
"55",2020,0.680252019731141,"7","AZ"
"56",2018,0.633720437399339,"7","AZ"
"57",2016,0.697580754596132,"7","AZ"
"58",2020,0.430896804182966,"8","AZ"
"59",2018,0.347112457211364,"8","AZ"
"60",2016,0.397827020592069,"8","AZ"
"61",2020,0.364486367567018,"9","AZ"
"62",2018,0.300168032238398,"9","AZ"
"63",2016,0.338543942490662,"9","AZ"
"64",2020,0.403012348740476,"1","CA"
"65",2018,0.366898455530577,"1","CA"
"66",2016,0.383191802577286,"1","CA"
"67",2020,0.754304393227788,"2","CA"
"68",2018,0.720459065547113,"2","CA"
"69",2016,0.746893094517333,"2","CA"
"70",2020,0.49294905443557,"3","CA"
"71",2018,0.441459778075505,"3","CA"
"72",2016,0.459437659898925,"3","CA"
"73",2020,0.691324166422145,"4","CA"
"74",2018,0.650234238760973,"4","CA"
"75",2016,0.688345645165385,"4","CA"
"76",2020,0.437643857422505,"5","CA"
"77",2018,0.40655685777637,"5","CA"
"78",2016,0.41913749908788,"5","CA"
"79",2020,0.595417877952706,"6","CA"
"80",2018,0.55563384876362,"6","CA"
"81",2016,0.592232132095938,"6","CA"
"82",2020,0.691200278580462,"7","CA"
"83",2018,0.655338940543946,"7","CA"
"84",2016,0.706959313891388,"7","CA"
"85",2020,0.780441404121154,"8","CA"
"86",2018,0.753814545694441,"8","CA"
"87",2016,0.79973221117062,"8","CA"
"88",2020,0.567375465125779,"9","CA"
"89",2018,0.517497331910352,"9","CA"
"90",2016,0.572198238646175,"9","CA"
"91",2020,0.701243664326665,"10","CA"
"92",2018,0.63932075525009,"10","CA"
"93",2016,0.692715742772406,"10","CA"
"94",2020,0.88065979252005,"11","CA"
"95",2018,0.869537740647687,"11","CA"
"96",2016,0.906559181331741,"11","CA"
"97",2020,0.913461350081305,"12","CA"
"98",2018,0.906459252000653,"12","CA"
"99",2016,0.932087623378027,"12","CA"
"100",2020,0.561483475632572,"13","CA"
"101",2018,0.530376064532449,"13","CA"
"102",2016,0.574359603208922,"13","CA"
"103",2020,0.731859538553929,"14","CA"
"104",2018,0.696238154321987,"14","CA"
"105",2016,0.749767680063439,"14","CA"
"106",2020,0.791991061345698,"15","CA"
"107",2018,0.762551060745816,"15","CA"
"108",2016,0.811998738397765,"15","CA"
"109",2020,0.776080273495091,"16","CA"
"110",2018,0.729824319619335,"16","CA"
"111",2016,0.792734261901081,"16","CA"
"112",2020,0.741677282377919,"17","CA"
"113",2018,0.719738266112743,"17","CA"
"114",2016,0.78550188420692,"17","CA"
"115",2020,0.728941762416409,"18","CA"
"116",2018,0.700259389722224,"18","CA"
"117",2016,0.766506606020007,"18","CA"
"118",2020,0.708107359012011,"19","CA"
"119",2018,0.669048727999646,"19","CA"
"120",2016,0.716673644020966,"19","CA"
"121",2020,0.372379998912498,"20","CA"
"122",2018,0.335663207699339,"20","CA"
"123",2016,0.336831669629427,"20","CA"
"124",2020,0.614343212586901,"21","CA"
"125",2018,0.572667308446536,"21","CA"
"126",2016,0.626462123412457,"21","CA"
"127",2020,0.579944289693593,"22","CA"
"128",2018,0.560159259974437,"22","CA"
"129",2016,0.602819812854055,"22","CA"
"130",2020,0.449752000901815,"23","CA"
"131",2018,0.402924493668595,"23","CA"
"132",2016,0.421346281578525,"23","CA"
"133",2020,0.650826388461345,"24","CA"
"134",2018,0.594834532676556,"24","CA"
"135",2016,0.637227819026396,"24","CA"
"136",2020,0.585368936227703,"25","CA"
"137",2018,0.555147458918272,"25","CA"
"138",2016,0.602657529858601,"25","CA"
"139",2020,0.600629583793616,"26","CA"
"140",2018,0.547511903162734,"26","CA"
"141",2016,0.590016334990252,"26","CA"
"142",2020,0.564012282621179,"27","CA"
"143",2018,0.527135441245871,"27","CA"
"144",2016,0.55307891751742,"27","CA"
"145",2020,0.676092866293785,"28","CA"
"146",2018,0.638220381346854,"28","CA"
"147",2016,0.686681720639146,"28","CA"
"148",2020,0.761952114752588,"29","CA"
"149",2018,0.782963504165734,"29","CA"
"150",2016,0.824353103223937,"29","CA"
"151",2020,0.733903584342128,"30","CA"
"152",2018,0.771861358576722,"30","CA"
"153",2016,0.778768553329373,"30","CA"
"154",2020,0.660915011714828,"31","CA"
"155",2018,0.64663343770635,"31","CA"
"156",2016,0.700989143320354,"31","CA"
"157",2020,0.706687167941132,"32","CA"
"158",2018,0.702631853708013,"32","CA"
"159",2016,0.736921313634163,"32","CA"
"160",2020,0.633593107783562,"33","CA"
"161",2018,0.610120897661969,"33","CA"
"162",2016,0.662854621038351,"33","CA"
"163",2020,0.829276664141277,"34","CA"
"164",2018,0.848508257048143,"34","CA"
"165",2016,0.890781846066962,"34","CA"
"166",2020,0.645575599877643,"35","CA"
"167",2018,0.632483559925497,"35","CA"
"168",2016,0.686777828937271,"35","CA"
"169",2020,0.724672213880757,"36","CA"
"170",2018,0.696439224994656,"36","CA"
"171",2016,0.735623686753271,"36","CA"
"172",2020,0.873642671751682,"37","CA"
"173",2018,0.883131421964103,"37","CA"
"174",2016,0.924469857193659,"37","CA"
"175",2020,0.654311508579592,"38","CA"
"176",2018,0.632778486713707,"38","CA"
"177",2016,0.690056639395846,"38","CA"
"178",2020,0.637856211117801,"39","CA"
"179",2018,0.60428044564952,"39","CA"
"180",2016,0.657306476219957,"39","CA"
"181",2020,0.508706694904132,"40","CA"
"182",2018,0.441276419676045,"40","CA"
"183",2016,0.475772117550344,"40","CA"
"184",2020,0.499813211830556,"41","CA"
"185",2018,0.459086093921513,"41","CA"
"186",2016,0.474849627435138,"41","CA"
"187",2020,0.736357034730175,"42","CA"
"188",2018,0.720561821219716,"42","CA"
"189",2016,0.771730420968287,"42","CA"
"190",2020,0.826142885414605,"43","CA"
"191",2018,0.832104145714605,"43","CA"
"192",2016,0.880970195785011,"43","CA"
"193",2020,0.747283445672495,"44","CA"
"194",2018,0.74334713187463,"44","CA"
"195",2016,0.799596633083455,"44","CA"
"196",2020,0.53225619552588,"45","CA"
"197",2018,0.505355575065847,"45","CA"
"198",2016,0.572249659400545,"45","CA"
"199",2020,0.662226083159743,"46","CA"
"200",2018,0.650070174951016,"46","CA"
"201",2016,0.714529017926013,"46","CA"
"202",2020,0.555057218631132,"47","CA"
"203",2018,0.514189314766895,"47","CA"
"204",2016,0.539141022962253,"47","CA"
"205",2020,0.437519583239383,"48","CA"
"206",2018,0.383374960595553,"48","CA"
"207",2016,0.395329762367774,"48","CA"
"208",2020,0.559453471196455,"49","CA"
"209",2018,0.508553847424554,"49","CA"
"210",2016,0.531050164901927,"49","CA"
"211",2020,0.675830989658303,"50","CA"
"212",2018,0.618595703751202,"50","CA"
"213",2016,0.652480891078263,"50","CA"
"214",2020,0.646529354763651,"51","CA"
"215",2018,0.597535321883463,"51","CA"
"216",2016,0.62920148913539,"51","CA"
"217",2020,0.688530308101538,"52","CA"
"218",2018,0.672894031016645,"52","CA"
"219",2016,0.747376291213328,"52","CA"
"220",2020,0.813722750139743,"1","CO"
"221",2018,0.798480583754652,"1","CO"
"222",2016,0.795514965245357,"1","CO"
"223",2020,0.717739920944745,"2","CO"
"224",2018,0.706457380223143,"2","CO"
"225",2016,0.67970134510909,"2","CO"
"226",2020,0.457529409420976,"3","CO"
"227",2018,0.469649309455502,"3","CO"
"228",2016,0.423400058445354,"3","CO"
"229",2020,0.405118318686525,"4","CO"
"230",2018,0.377887281595563,"4","CO"
"231",2016,0.350421580781888,"4","CO"
"232",2020,0.44836149197843,"5","CO"
"233",2018,0.416768995370998,"5","CO"
"234",2016,0.379677238892393,"5","CO"
"235",2020,0.624238536234983,"6","CO"
"236",2018,0.588410536134174,"6","CO"
"237",2016,0.573756693951049,"6","CO"
"238",2020,0.572018569878211,"7","CO"
"239",2018,0.551678406436087,"7","CO"
"240",2016,0.515482346749651,"7","CO"
"241",2020,0.530924765783856,"8","CO"
"242",2018,0.51757662814275,"8","CO"
"243",2016,0.497387992904454,"8","CO"
"244",2020,0.643056562357168,"1","CT"
"245",2018,0.563013008446167,"1","CT"
"246",2016,0.622673613401042,"1","CT"
"247",2020,0.55044494317122,"2","CT"
"248",2018,0.474579765687535,"2","CT"
"249",2016,0.511705859156099,"2","CT"
"250",2020,0.605085768985748,"3","CT"
"251",2018,0.531348010375704,"3","CT"
"252",2016,0.579674707919058,"3","CT"
"253",2020,0.660055801334916,"4","CT"
"254",2018,0.550898179179204,"4","CT"
"255",2016,0.629602220166512,"4","CT"
"256",2020,0.556892061912982,"5","CT"
"257",2018,0.473997589962904,"5","CT"
"258",2016,0.524565191918177,"5","CT"
"259",2020,0.596267441649845,"1","DE"
"260",2018,0.61319503994223,"1","DE"
"261",2016,0.559602680526206,"1","DE"
"262",2020,0.338633725003503,"1","FL"
"263",2018,0.323826040736778,"1","FL"
"264",2016,0.301559663065155,"1","FL"
"265",2020,0.448188814212553,"2","FL"
"266",2018,0.465199027262255,"2","FL"
"267",2016,0.440894390698426,"2","FL"
"268",2020,0.431341098626981,"3","FL"
"269",2018,0.443464739153466,"3","FL"
"270",2016,0.425518033059326,"3","FL"
"271",2020,0.466325435185708,"4","FL"
"272",2018,0.476259079578654,"4","FL"
"273",2016,0.44630320365786,"4","FL"
"274",2020,0.418387186371632,"5","FL"
"275",2018,0.407954519131813,"5","FL"
"276",2016,0.382888805700019,"5","FL"
"277",2020,0.381547630202965,"6","FL"
"278",2018,0.395104072333659,"6","FL"
"279",2016,0.380965982944935,"6","FL"
"280",2020,0.478155148457286,"7","FL"
"281",2018,0.481946769059105,"7","FL"
"282",2016,0.465052590977198,"7","FL"
"283",2020,0.41132919046316,"8","FL"
"284",2018,0.409054288016182,"8","FL"
"285",2016,0.392190238061885,"8","FL"
"286",2020,0.585015546331224,"9","FL"
"287",2018,0.615718828921523,"9","FL"
"288",2016,0.635854542557852,"9","FL"
"289",2020,0.664384011561073,"10","FL"
"290",2018,0.678304509357328,"10","FL"
"291",2016,0.672668363628037,"10","FL"
"292",2020,0.441461326379125,"11","FL"
"293",2018,0.425077446948394,"11","FL"
"294",2016,0.418160670186785,"11","FL"
"295",2020,0.352244589588614,"12","FL"
"296",2018,0.372565999035569,"12","FL"
"297",2016,0.349742466933472,"12","FL"
"298",2020,0.462380062989819,"13","FL"
"299",2018,0.475354624096977,"13","FL"
"300",2016,0.455123750183062,"13","FL"
"301",2020,0.598282408294657,"14","FL"
"302",2018,0.62072596102158,"14","FL"
"303",2016,0.617396071143259,"14","FL"
"304",2020,0.484074066045011,"15","FL"
"305",2018,0.494907537684221,"15","FL"
"306",2016,0.478775106124469,"15","FL"
"307",2020,0.454662186852897,"16","FL"
"308",2018,0.450112172566698,"16","FL"
"309",2016,0.433147992394367,"16","FL"
"310",2020,0.41846670812873,"17","FL"
"311",2018,0.424537150564002,"17","FL"
"312",2016,0.412472508702637,"17","FL"
"313",2020,0.383803724906635,"18","FL"
"314",2018,0.389301402263896,"18","FL"
"315",2016,0.38861281067947,"18","FL"
"316",2020,0.387716460301013,"19","FL"
"317",2018,0.364753801473833,"19","FL"
"318",2016,0.372700762332793,"19","FL"
"319",2020,0.763601809650347,"20","FL"
"320",2018,0.805043219977234,"20","FL"
"321",2016,0.793010939198409,"20","FL"
"322",2020,0.452015429740229,"21","FL"
"323",2018,0.464381894650803,"21","FL"
"324",2016,0.446146202547456,"21","FL"
"325",2020,0.589601453235688,"22","FL"
"326",2018,0.614372027606508,"22","FL"
"327",2016,0.60483875968031,"22","FL"
"328",2020,0.561674436674437,"23","FL"
"329",2018,0.577497182024161,"23","FL"
"330",2016,0.568668473629154,"23","FL"
"331",2020,0.743709463218247,"24","FL"
"332",2018,0.816779952892594,"24","FL"
"333",2016,0.820714829792793,"24","FL"
"334",2020,0.596895883317745,"25","FL"
"335",2018,0.637336066650897,"25","FL"
"336",2016,0.643542064335951,"25","FL"
"337",2020,0.395639463285609,"26","FL"
"338",2018,0.440651650874575,"26","FL"
"339",2016,0.511825592620401,"26","FL"
"340",2020,0.49603222246997,"27","FL"
"341",2018,0.533330917028106,"27","FL"
"342",2016,0.585351491882027,"27","FL"
"343",2020,0.467924143304107,"28","FL"
"344",2018,0.530012389256411,"28","FL"
"345",2016,0.579059424495458,"28","FL"
"346",2020,0.432536379725308,"1","GA"
"347",2018,0.424904741328515,"1","GA"
"348",2016,0.415208243946134,"1","GA"
"349",2020,0.556030128430827,"2","GA"
"350",2018,0.555366941691998,"2","GA"
"351",2016,0.551457497010791,"2","GA"
"352",2020,0.345995986379309,"3","GA"
"353",2018,0.327601613171744,"3","GA"
"354",2016,0.316231567773562,"3","GA"
"355",2020,0.795950282775451,"4","GA"
"356",2018,0.792688586252979,"4","GA"
"357",2016,0.773448564496134,"4","GA"
"358",2020,0.836948581688814,"5","GA"
"359",2018,0.842555201479579,"5","GA"
"360",2016,0.836165908285878,"5","GA"
"361",2020,0.418129713577653,"6","GA"
"362",2018,0.380161075536443,"6","GA"
"363",2016,0.352940396121038,"6","GA"
"364",2020,0.632688922419213,"7","GA"
"365",2018,0.613923224411537,"7","GA"
"366",2016,0.574953617057555,"7","GA"
"367",2020,0.359973038738262,"8","GA"
"368",2018,0.34263186391734,"8","GA"
"369",2016,0.342865069823361,"8","GA"
"370",2020,0.306255070470952,"9","GA"
"371",2018,0.280482457742928,"9","GA"
"372",2016,0.263644465441895,"9","GA"
"373",2020,0.378484487265012,"10","GA"
"374",2018,0.362415357766143,"10","GA"
"375",2016,0.34857378879683,"10","GA"
"376",2020,0.407861185933462,"11","GA"
"377",2018,0.386406701154957,"11","GA"
"378",2016,0.35592298847619,"11","GA"
"379",2020,0.448950670028969,"12","GA"
"380",2018,0.432184382170203,"12","GA"
"381",2016,0.432632571159257,"12","GA"
"382",2020,0.808964201243724,"13","GA"
"383",2018,0.815818384300506,"13","GA"
"384",2016,0.783925205171659,"13","GA"
"385",2020,0.30763314747164,"14","GA"
"386",2018,0.293325138491471,"14","GA"
"387",2016,0.274336283185841,"14","GA"
"388",2020,0.649635435853853,"1","HI"
"389",2018,0.664354939586989,"1","HI"
"390",2016,0.67437257744466,"1","HI"
"391",2020,0.651051170032705,"2","HI"
"392",2018,0.637426451384942,"2","HI"
"393",2016,0.674532537766159,"2","HI"
"394",2020,0.48527706600627,"1","IA"
"395",2018,0.519874622923171,"1","IA"
"396",2016,0.483380278620735,"1","IA"
"397",2020,0.477598823192138,"2","IA"
"398",2018,0.499708982925019,"2","IA"
"399",2016,0.474982962739908,"2","IA"
"400",2020,0.498240563019834,"3","IA"
"401",2018,0.521291170644104,"3","IA"
"402",2016,0.482592201516875,"3","IA"
"403",2020,0.367613000468201,"4","IA"
"404",2018,0.393305318627215,"4","IA"
"405",2016,0.35258382969336,"4","IA"
"406",2020,0.302251891743064,"1","ID"
"407",2018,0.347715667285213,"1","ID"
"408",2016,0.277938073295724,"1","ID"
"409",2020,0.38140674024858,"2","ID"
"410",2018,0.430247506617916,"2","ID"
"411",2016,0.353277733000792,"2","ID"
"412",2020,0.713629207897353,"1","IL"
"413",2018,0.744624017070376,"1","IL"
"414",2016,0.749543602766879,"1","IL"
"415",2020,0.703587006136836,"2","IL"
"416",2018,0.728543762694252,"2","IL"
"417",2016,0.720948509574584,"2","IL"
"418",2020,0.710271466561959,"3","IL"
"419",2018,0.706534835920335,"3","IL"
"420",2016,0.736062964567848,"3","IL"
"421",2020,0.739210342860764,"4","IL"
"422",2018,0.743167806444928,"4","IL"
"423",2016,0.773237582165759,"4","IL"
"424",2020,0.707382901882943,"5","IL"
"425",2018,0.644968839972302,"5","IL"
"426",2016,0.710925255100382,"5","IL"
"427",2020,0.552779657635262,"6","IL"
"428",2018,0.526431685122737,"6","IL"
"429",2016,0.541783619076519,"6","IL"
"430",2020,0.871839891273978,"7","IL"
"431",2018,0.85402119812368,"7","IL"
"432",2016,0.899904677947637,"7","IL"
"433",2020,0.579708850880326,"8","IL"
"434",2018,0.544058506360035,"8","IL"
"435",2016,0.585106425169245,"8","IL"
"436",2020,0.717076228255457,"9","IL"
"437",2018,0.691399746634875,"9","IL"
"438",2016,0.732904530610215,"9","IL"
"439",2020,0.633987043632732,"10","IL"
"440",2018,0.548572864362338,"10","IL"
"441",2016,0.624417031272537,"10","IL"
"442",2020,0.57942966598284,"11","IL"
"443",2018,0.513419802234493,"11","IL"
"444",2016,0.55816602640194,"11","IL"
"445",2020,0.279177064749287,"12","IL"
"446",2018,0.3675794259132,"12","IL"
"447",2016,0.272857455340868,"12","IL"
"448",2020,0.560742847095487,"13","IL"
"449",2018,0.591987629453295,"13","IL"
"450",2016,0.548573919541661,"13","IL"
"451",2020,0.558674883237417,"14","IL"
"452",2018,0.549730601329296,"14","IL"
"453",2016,0.546343373922951,"14","IL"
"454",2020,0.295945308945061,"15","IL"
"455",2018,0.344774053645575,"15","IL"
"456",2016,0.289979726366649,"15","IL"
"457",2020,0.386986923106546,"16","IL"
"458",2018,0.384000868425496,"16","IL"
"459",2016,0.368653252991339,"16","IL"
"460",2020,0.539943496829986,"17","IL"
"461",2018,0.552389919021956,"17","IL"
"462",2016,0.535878882010117,"17","IL"
"463",2020,0.542726894491555,"1","IN"
"464",2018,0.618675400468346,"1","IN"
"465",2016,0.563066633554572,"1","IN"
"466",2020,0.38550066983635,"2","IN"
"467",2018,0.458137400576873,"2","IN"
"468",2016,0.366631924367365,"2","IN"
"469",2020,0.347644862441219,"3","IN"
"470",2018,0.384961121080065,"3","IN"
"471",2016,0.318970198591021,"3","IN"
"472",2020,0.352020088785256,"4","IN"
"473",2018,0.390341845580838,"4","IN"
"474",2016,0.318613666815543,"4","IN"
"475",2020,0.418985052470068,"5","IN"
"476",2018,0.447477776424744,"5","IN"
"477",2016,0.374874222654768,"5","IN"
"478",2020,0.337087526599946,"6","IN"
"479",2018,0.375292409990989,"6","IN"
"480",2016,0.301370853718952,"6","IN"
"481",2020,0.716484712855717,"7","IN"
"482",2018,0.729465988015797,"7","IN"
"483",2016,0.69091460124332,"7","IN"
"484",2020,0.333027797800737,"8","IN"
"485",2018,0.397391412231307,"8","IN"
"486",2016,0.3201613303139,"8","IN"
"487",2020,0.360790934584788,"9","IN"
"488",2018,0.423679264982251,"9","IN"
"489",2016,0.350618270142488,"9","IN"
"490",2020,0.348357558785616,"1","KS"
"491",2018,0.483113725349972,"1","KS"
"492",2016,0.317604923021301,"1","KS"
"493",2020,0.415054964812246,"2","KS"
"494",2018,0.536087828959051,"2","KS"
"495",2016,0.397448794201457,"2","KS"
"496",2020,0.522662644094055,"3","KS"
"497",2018,0.579388011892604,"3","KS"
"498",2016,0.47074518772632,"3","KS"
"499",2020,0.388841553851494,"4","KS"
"500",2018,0.495961146824728,"4","KS"
"501",2016,0.353599257812652,"4","KS"
"502",2020,0.415908783592213,"1","KY"
"503",2018,0.415908783592213,"1","KY"
"504",2016,0.268453754660039,"1","KY"
"505",2020,0.451208075279876,"2","KY"
"506",2018,0.451208075279876,"2","KY"
"507",2016,0.290041849615807,"2","KY"
"508",2020,0.697043724553018,"3","KY"
"509",2018,0.697043724553018,"3","KY"
"510",2016,0.586093681365366,"3","KY"
"511",2020,0.459349803820118,"4","KY"
"512",2018,0.459349803820118,"4","KY"
"513",2016,0.304767423208247,"4","KY"
"514",2020,0.391188270694436,"5","KY"
"515",2018,0.391188270694436,"5","KY"
"516",2016,0.188126187708873,"5","KY"
"517",2020,0.554993274984124,"6","KY"
"518",2018,0.554993274984124,"6","KY"
"519",2016,0.406866889434626,"6","KY"
"520",2020,0.298598393947511,"1","LA"
"521",2018,0.42380615215168,"1","LA"
"522",2016,0.273236621061512,"1","LA"
"523",2020,0.76861480835893,"2","LA"
"524",2018,0.821561893385098,"2","LA"
"525",2016,0.770576445470786,"2","LA"
"526",2020,0.308424501967855,"3","LA"
"527",2018,0.368309230494555,"3","LA"
"528",2016,0.303940346471895,"3","LA"
"529",2020,0.377729913266426,"4","LA"
"530",2018,0.413348956772125,"4","LA"
"531",2016,0.380124676482906,"4","LA"
"532",2020,0.349393927989323,"5","LA"
"533",2018,0.412215191477498,"5","LA"
"534",2016,0.35219486518618,"5","LA"
"535",2020,0.328398495707089,"6","LA"
"536",2018,0.453525950645473,"6","LA"
"537",2016,0.31563667567576,"6","LA"
"538",2020,0.61065802848831,"1","MA"
"539",2018,0.314475296183779,"1","MA"
"540",2016,0.594838453844378,"1","MA"
"541",2020,0.658035533758107,"2","MA"
"542",2018,0.321154311953522,"2","MA"
"543",2016,0.629943255429087,"2","MA"
"544",2020,0.640880839496457,"3","MA"
"545",2018,0.286326221755917,"3","MA"
"546",2016,0.616976974806529,"3","MA"
"547",2020,0.644734135491146,"4","MA"
"548",2018,0.309081335772484,"4","MA"
"549",2016,0.621803230815048,"4","MA"
"550",2020,0.757045705579397,"5","MA"
"551",2018,0.395585391129857,"5","MA"
"552",2016,0.730069042928215,"5","MA"
"553",2020,0.640317507182521,"6","MA"
"554",2018,0.264558103194399,"6","MA"
"555",2016,0.59790765171504,"6","MA"
"556",2020,0.866283449224805,"7","MA"
"557",2018,0.565256128650947,"7","MA"
"558",2016,0.876862733554592,"7","MA"
"559",2020,0.678330534303664,"8","MA"
"560",2018,0.32294357918507,"8","MA"
"561",2016,0.645556041276013,"8","MA"
"562",2020,0.59284911015512,"9","MA"
"563",2018,0.262692034382591,"9","MA"
"564",2016,0.553653221281205,"9","MA"
"565",2020,0.42612087351926,"1","MD"
"566",2018,0.223145903861434,"1","MD"
"567",2016,0.378192904496887,"1","MD"
"568",2020,0.60325929251507,"2","MD"
"569",2018,0.345342754635335,"2","MD"
"570",2016,0.555010373002208,"2","MD"
"571",2020,0.631374754565883,"3","MD"
"572",2018,0.351457278139559,"3","MD"
"573",2016,0.574901422437714,"3","MD"
"574",2020,0.912935295833195,"4","MD"
"575",2018,0.737061608700354,"4","MD"
"576",2016,0.924811144758968,"4","MD"
"577",2020,0.676064177958283,"5","MD"
"578",2018,0.440931267471894,"5","MD"
"579",2016,0.615726604918556,"5","MD"
"580",2020,0.544209307133128,"6","MD"
"581",2018,0.337267523686266,"6","MD"
"582",2016,0.499438001494331,"6","MD"
"583",2020,0.825559682695343,"7","MD"
"584",2018,0.618322612222067,"7","MD"
"585",2016,0.818935063490077,"7","MD"
"586",2020,0.818999385554956,"8","MD"
"587",2018,0.559041394335512,"8","MD"
"588",2016,0.806761691888657,"8","MD"
"589",2020,0.617349612052568,"1","ME"
"590",2018,0.587955404059211,"1","ME"
"591",2016,0.577444930951291,"1","ME"
"592",2020,0.468718115387997,"2","ME"
"593",2018,0.48846001226507,"2","ME"
"594",2016,0.451353206218482,"2","ME"
"595",2020,0.399710589073645,"1","MI"
"596",2018,0.444277700963365,"1","MI"
"597",2016,0.376987834164621,"1","MI"
"598",2020,0.354469194980967,"2","MI"
"599",2018,0.416509190567153,"2","MI"
"600",2016,0.349078102340999,"2","MI"
"601",2020,0.544447859146831,"3","MI"
"602",2018,0.538399363728654,"3","MI"
"603",2016,0.502222127584497,"3","MI"
"604",2020,0.481114197066891,"4","MI"
"605",2018,0.490881409737294,"4","MI"
"606",2016,0.450779809819916,"4","MI"
"607",2020,0.376635145282611,"5","MI"
"608",2018,0.4271682487323,"5","MI"
"609",2016,0.365868638640523,"5","MI"
"610",2020,0.635443224654602,"6","MI"
"611",2018,0.647959798648858,"6","MI"
"612",2016,0.609885410399134,"6","MI"
"613",2020,0.505318588971938,"7","MI"
"614",2018,0.54582555183868,"7","MI"
"615",2016,0.48055189340232,"7","MI"
"616",2020,0.511008904051011,"8","MI"
"617",2018,0.562903819862787,"8","MI"
"618",2016,0.506242418535607,"8","MI"
"619",2020,0.349838783461548,"9","MI"
"620",2018,0.409800960463922,"9","MI"
"621",2016,0.325521473062457,"9","MI"
"622",2020,0.49565964212454,"10","MI"
"623",2018,0.543954799334675,"10","MI"
"624",2016,0.472346340979049,"10","MI"
"625",2020,0.600963257594152,"11","MI"
"626",2018,0.616629945941035,"11","MI"
"627",2016,0.573535322551643,"11","MI"
"628",2020,0.745907864756567,"12","MI"
"629",2018,0.770651993699743,"12","MI"
"630",2016,0.745116304065492,"12","MI"
"631",2020,0.750847009706835,"13","MI"
"632",2018,0.781714754019331,"13","MI"
"633",2016,0.765483669593168,"13","MI"
"634",2020,0.453060666093129,"1","MN"
"635",2018,0.514379538568309,"1","MN"
"636",2016,0.423858909005683,"1","MN"
"637",2020,0.536508731977782,"2","MN"
"638",2018,0.537147488052071,"2","MN"
"639",2016,0.494197263007326,"2","MN"
"640",2020,0.608022266999078,"3","MN"
"641",2018,0.572797809219534,"3","MN"
"642",2016,0.56168631342743,"3","MN"
"643",2020,0.693842356820838,"4","MN"
"644",2018,0.687777312547267,"4","MN"
"645",2016,0.6727575515011,"4","MN"
"646",2020,0.824723763159366,"5","MN"
"647",2018,0.818063440135989,"5","MN"
"648",2016,0.805193793376402,"5","MN"
"649",2020,0.409794329073482,"6","MN"
"650",2018,0.4280391909794,"6","MN"
"651",2016,0.370344549223939,"6","MN"
"652",2020,0.330935121888301,"7","MN"
"653",2018,0.392832517469324,"7","MN"
"654",2016,0.316388720256163,"7","MN"
"655",2020,0.442135870358655,"8","MN"
"656",2018,0.5023398964189,"8","MN"
"657",2016,0.430398891281783,"8","MN"
"658",2020,0.799736507012266,"1","MO"
"659",2018,0.819198359114606,"1","MO"
"660",2016,0.78552584169481,"1","MO"
"661",2020,0.460522100068383,"2","MO"
"662",2018,0.486977196270385,"2","MO"
"663",2016,0.412788658952142,"2","MO"
"664",2020,0.366378187030361,"3","MO"
"665",2018,0.421621986401903,"3","MO"
"666",2016,0.337443385794568,"3","MO"
"667",2020,0.296992251336839,"4","MO"
"668",2018,0.351613268507932,"4","MO"
"669",2016,0.279249940992977,"4","MO"
"670",2020,0.638034238839684,"5","MO"
"671",2018,0.655651365917116,"5","MO"
"672",2016,0.611652543798838,"5","MO"
"673",2020,0.310762087009168,"6","MO"
"674",2018,0.376120509654832,"6","MO"
"675",2016,0.297675736443319,"6","MO"
"676",2020,0.289185983405229,"7","MO"
"677",2018,0.324252088841693,"7","MO"
"678",2016,0.261349357577531,"7","MO"
"679",2020,0.238659603714755,"8","MO"
"680",2018,0.308155960898488,"8","MO"
"681",2016,0.234735828582782,"8","MO"
"682",NA,NA,"1","MS"
"683",NA,NA,"1","MS"
"684",NA,NA,"1","MS"
"685",NA,NA,"2","MS"
"686",NA,NA,"2","MS"
"687",NA,NA,"2","MS"
"688",NA,NA,"3","MS"
"689",NA,NA,"3","MS"
"690",NA,NA,"3","MS"
"691",NA,NA,"4","MS"
"692",NA,NA,"4","MS"
"693",NA,NA,"4","MS"
"694",2020,0.464901044521048,"1","MT"
"695",2018,0.553939179075081,"1","MT"
"696",2016,0.436221062422489,"1","MT"
"697",2020,0.362422733516484,"2","MT"
"698",2018,0.480164878781833,"2","MT"
"699",2016,0.340267035196041,"2","MT"
"700",2020,0.536845929670771,"1","NC"
"701",2018,NA,"1","NC"
"702",2016,0.550561638596541,"1","NC"
"703",2020,0.6468132874687,"2","NC"
"704",2018,NA,"2","NC"
"705",2016,0.616816915961275,"2","NC"
"706",2020,0.37044523125819,"3","NC"
"707",2018,NA,"3","NC"
"708",2016,0.364303218481814,"3","NC"
"709",2020,0.677614201610901,"4","NC"
"710",2018,NA,"4","NC"
"711",2016,0.677154035172811,"4","NC"
"712",2020,0.394223943861926,"5","NC"
"713",2018,NA,"5","NC"
"714",2016,0.384781580658509,"5","NC"
"715",2020,0.562786272898592,"6","NC"
"716",2018,NA,"6","NC"
"717",2016,0.55409608483112,"6","NC"
"718",2020,0.434736569991151,"7","NC"
"719",2018,NA,"7","NC"
"720",2016,0.431958979865117,"7","NC"
"721",2020,0.326641510610762,"8","NC"
"722",2018,NA,"8","NC"
"723",2016,0.311579628803258,"8","NC"
"724",2020,0.459167589247146,"9","NC"
"725",2018,NA,"9","NC"
"726",2016,0.4566653658403,"9","NC"
"727",2020,0.301386374230901,"10","NC"
"728",2018,NA,"10","NC"
"729",2016,0.293672361458249,"10","NC"
"730",2020,0.448569561767863,"11","NC"
"731",2018,NA,"11","NC"
"732",2016,0.420630560429642,"11","NC"
"733",2020,0.652708238507055,"12","NC"
"734",2018,NA,"12","NC"
"735",2016,0.628795142771099,"12","NC"
"736",2020,0.508353696139625,"13","NC"
"737",2018,NA,"13","NC"
"738",2016,0.48737102496501,"13","NC"
"739",2020,0.583273365875962,"14","NC"
"740",2018,NA,"14","NC"
"741",2016,0.551228968330119,"14","NC"
"742",2020,0.327948391216472,"AL","ND"
"743",2018,0.44547294628752,"AL","ND"
"744",2016,0.301907571034803,"AL","ND"
"745",2020,0.444344381600548,"1","NE"
"746",2018,0.456511052158393,"1","NE"
"747",2016,0.403361344537815,"1","NE"
"748",2020,0.534350257718263,"2","NE"
"749",2018,0.511083488709343,"2","NE"
"750",2016,0.492157636992017,"2","NE"
"751",2020,0.235559372306444,"3","NE"
"752",2018,0.269988181822033,"3","NE"
"753",2016,0.217147525693814,"3","NE"
"754",2020,0.530122000403307,"1","NH"
"755",2018,0.445056728381124,"1","NH"
"756",2016,0.491094777117705,"1","NH"
"757",2020,0.544908689768633,"2","NH"
"758",2018,0.483567475068077,"2","NH"
"759",2016,0.512873834403869,"2","NH"
"760",2020,NA,"1","NJ"
"761",2018,0.598253158062009,"1","NJ"
"762",2016,0.621489921229398,"1","NJ"
"763",2020,NA,"2","NJ"
"764",2018,0.436063894050268,"2","NJ"
"765",2016,0.465517453331776,"2","NJ"
"766",2020,NA,"3","NJ"
"767",2018,0.526086679477763,"3","NJ"
"768",2016,0.54989104174243,"3","NJ"
"769",2020,NA,"4","NJ"
"770",2018,0.36881452344047,"4","NJ"
"771",2016,0.356029680688573,"4","NJ"
"772",2020,NA,"5","NJ"
"773",2018,0.530887762540048,"5","NJ"
"774",2016,0.540011535368976,"5","NJ"
"775",2020,NA,"6","NJ"
"776",2018,0.594497371047947,"6","NJ"
"777",2016,0.601487271345601,"6","NJ"
"778",2020,NA,"7","NJ"
"779",2018,0.447737062277337,"7","NJ"
"780",2016,0.46900283418142,"7","NJ"
"781",2020,NA,"8","NJ"
"782",2018,0.790108442920965,"8","NJ"
"783",2016,0.776443929952464,"8","NJ"
"784",2020,NA,"9","NJ"
"785",2018,0.618372392271295,"9","NJ"
"786",2016,0.623708072019494,"9","NJ"
"787",2020,NA,"10","NJ"
"788",2018,0.824182104150546,"10","NJ"
"789",2016,0.832722617102998,"10","NJ"
"790",2020,NA,"11","NJ"
"791",2018,0.541493891545847,"11","NJ"
"792",2016,0.554857884264119,"11","NJ"
"793",2020,NA,"12","NJ"
"794",2018,0.639037843442198,"12","NJ"
"795",2016,0.665045110906898,"12","NJ"
"796",2020,NA,"1","NM"
"797",2018,0.5717528865892,"1","NM"
"798",2016,0.545126910039309,"1","NM"
"799",2020,NA,"2","NM"
"800",2018,0.554261923815202,"2","NM"
"801",2016,0.5336844071716,"2","NM"
"802",2020,NA,"3","NM"
"803",2018,0.588075146562445,"3","NM"
"804",2016,0.558550129776061,"3","NM"
"805",2020,0.542260085064148,"1","NV"
"806",2018,0.562867643530913,"1","NV"
"807",2016,0.552308484046464,"1","NV"
"808",2020,0.445643903120778,"2","NV"
"809",2018,0.434618213126222,"2","NV"
"810",2016,0.429917557836628,"2","NV"
"811",2020,0.532787643626649,"3","NV"
"812",2018,0.55725846945838,"3","NV"
"813",2016,0.534310968896774,"3","NV"
"814",2020,0.543438951422291,"4","NV"
"815",2018,0.56306391120927,"4","NV"
"816",2016,0.557156984993765,"4","NV"
"817",2020,0.501103231262786,"1","NY"
"818",2018,0.51744483476007,"1","NY"
"819",2016,0.458781441464908,"1","NY"
"820",2020,0.493177140601652,"2","NY"
"821",2018,0.531865871047867,"2","NY"
"822",2016,0.466619332060944,"2","NY"
"823",2020,0.541611863445213,"3","NY"
"824",2018,0.574403161315968,"3","NY"
"825",2016,0.526992257224899,"3","NY"
"826",2020,0.573728143982926,"4","NY"
"827",2018,0.607818082150351,"4","NY"
"828",2016,0.562776469617444,"4","NY"
"829",2020,0.815625586122158,"5","NY"
"830",2018,0.882784421451386,"5","NY"
"831",2016,0.85440382425405,"5","NY"
"832",2020,0.65283347204358,"6","NY"
"833",2018,0.750334048377428,"6","NY"
"834",2016,0.709842906483273,"6","NY"
"835",2020,0.815703402497629,"7","NY"
"836",2018,0.905203909715605,"7","NY"
"837",2016,0.877472976219073,"7","NY"
"838",2020,0.767936778984572,"8","NY"
"839",2018,0.854095704418583,"8","NY"
"840",2016,0.809231390315563,"8","NY"
"841",2020,0.76027986270886,"9","NY"
"842",2018,0.858470468890893,"9","NY"
"843",2016,0.806067907995619,"9","NY"
"844",2020,0.858793091790362,"10","NY"
"845",2018,0.895805804336123,"10","NY"
"846",2016,0.887279552376231,"10","NY"
"847",2020,0.460217505822336,"11","NY"
"848",2018,0.539038489882145,"11","NY"
"849",2016,0.457974652518056,"11","NY"
"850",2020,0.860196611959918,"12","NY"
"851",2018,0.861506646039213,"12","NY"
"852",2016,0.866607961228701,"12","NY"
"853",2020,0.888441774838432,"13","NY"
"854",2018,0.953481700069675,"13","NY"
"855",2016,0.945994666043723,"13","NY"
"856",2020,0.78564412839351,"14","NY"
"857",2018,0.870274693319989,"14","NY"
"858",2016,0.842943043921157,"14","NY"
"859",2020,0.852835876247486,"15","NY"
"860",2018,0.93107667493969,"15","NY"
"861",2016,0.918516401989092,"15","NY"
"862",2020,0.72259266429485,"16","NY"
"863",2018,0.737940964722822,"16","NY"
"864",2016,0.725209436448157,"16","NY"
"865",2020,0.55023178232982,"17","NY"
"866",2018,0.554986265241426,"17","NY"
"867",2016,0.541316830691028,"17","NY"
"868",2020,0.542769020457389,"18","NY"
"869",2018,0.495984146412543,"18","NY"
"870",2016,0.504791147402957,"18","NY"
"871",2020,0.5239619395998,"19","NY"
"872",2018,0.476298485408201,"19","NY"
"873",2016,0.491597626369158,"19","NY"
"874",2020,0.597890663469567,"20","NY"
"875",2018,0.493709362558987,"20","NY"
"876",2016,0.563753577136648,"20","NY"
"877",2020,0.437645825439649,"21","NY"
"878",2018,0.361130833803297,"21","NY"
"879",2016,0.416553595658073,"21","NY"
"880",2020,0.538192124875946,"22","NY"
"881",2018,0.476662399100689,"22","NY"
"882",2016,0.510890018104149,"22","NY"
"883",2020,0.41135728420752,"23","NY"
"884",2018,0.369957206592006,"23","NY"
"885",2016,0.371352092446302,"23","NY"
"886",2020,0.412576879628467,"24","NY"
"887",2018,0.345128378626253,"24","NY"
"888",2016,0.385822812911145,"24","NY"
"889",2020,0.601363167570961,"25","NY"
"890",2018,0.540042289627814,"25","NY"
"891",2016,0.57362416147833,"25","NY"
"892",2020,0.619818815572504,"26","NY"
"893",2018,0.588240487702333,"26","NY"
"894",2016,0.583637583627716,"26","NY"
"895",2020,0.542974082494637,"1","OH"
"896",2018,0.516408073152861,"1","OH"
"897",2016,0.520620254601117,"1","OH"
"898",2020,0.270198295421022,"2","OH"
"899",2018,0.316479849177661,"2","OH"
"900",2016,0.273999223866409,"2","OH"
"901",2020,0.72266419684348,"3","OH"
"902",2018,0.701715722726228,"3","OH"
"903",2016,0.701922708022842,"3","OH"
"904",2020,0.317674576392237,"4","OH"
"905",2018,0.333573908084016,"4","OH"
"906",2016,0.303196840034101,"4","OH"
"907",2020,0.363892121875458,"5","OH"
"908",2018,0.39891034205347,"5","OH"
"909",2016,0.368503776873911,"5","OH"
"910",2020,0.354532218371107,"6","OH"
"911",2018,0.425522861215719,"6","OH"
"912",2016,0.37182035702537,"6","OH"
"913",2020,0.453346789025437,"7","OH"
"914",2018,0.467756170987133,"7","OH"
"915",2016,0.440103575405706,"7","OH"
"916",2020,0.387776690219109,"8","OH"
"917",2018,0.3811348522082,"8","OH"
"918",2016,0.364449743141296,"8","OH"
"919",2020,0.485269722009598,"9","OH"
"920",2018,0.520357168318243,"9","OH"
"921",2016,0.495187257120895,"9","OH"
"922",2020,0.482303439452018,"10","OH"
"923",2018,0.467224924700345,"10","OH"
"924",2016,0.46830136299775,"10","OH"
"925",2020,0.791353372839897,"11","OH"
"926",2018,0.800529442523894,"11","OH"
"927",2016,0.81185018343537,"11","OH"
"928",2020,0.342720221855873,"12","OH"
"929",2018,0.379404370102692,"12","OH"
"930",2016,0.345648671527266,"12","OH"
"931",2020,0.515185963923904,"13","OH"
"932",2018,0.539106866288074,"13","OH"
"933",2016,0.511969436851973,"13","OH"
"934",2020,0.424500379209471,"14","OH"
"935",2018,0.467987149843465,"14","OH"
"936",2016,0.428850157535543,"14","OH"
"937",2020,0.466425782872332,"15","OH"
"938",2018,0.480266112840751,"15","OH"
"939",2016,0.446172497512947,"15","OH"
"940",2020,0.395286923056647,"1","OK"
"941",2018,0.463687687897644,"1","OK"
"942",2016,0.356521096578733,"1","OK"
"943",2020,0.228415678145034,"2","OK"
"944",2018,0.383147701860657,"2","OK"
"945",2016,0.239720961211505,"2","OK"
"946",2020,0.276499615850652,"3","OK"
"947",2018,0.378134866647843,"3","OK"
"948",2016,0.257545071630034,"3","OK"
"949",2020,0.340734644574455,"4","OK"
"950",2018,0.45160248068138,"4","OK"
"951",2016,0.311316690558778,"4","OK"
"952",2020,0.404962110099908,"5","OK"
"953",2018,0.49906854189044,"5","OK"
"954",2016,0.367048072061275,"5","OK"
"955",2020,0.699265849863866,"1","OR"
"956",2018,0.628768288116792,"1","OR"
"957",2016,0.680701913706807,"1","OR"
"958",2020,0.374046159792391,"2","OR"
"959",2018,0.342170590308767,"2","OR"
"960",2016,0.34587672655193,"2","OR"
"961",2020,0.746936909818611,"3","OR"
"962",2018,0.716203572441168,"3","OR"
"963",2016,0.744859141721723,"3","OR"
"964",2020,0.568276084965795,"4","OR"
"965",2018,0.533550229158089,"4","OR"
"966",2016,0.548121575070564,"4","OR"
"967",2020,0.542518020561165,"5","OR"
"968",2018,0.471992682445144,"5","OR"
"969",2016,0.513151880759072,"5","OR"
"970",2020,0.569932869003109,"6","OR"
"971",2018,0.502817449909794,"6","OR"
"972",2016,0.540099085634936,"6","OR"
"973",2020,0.523430989583333,"1","PA"
"974",2018,0.592774804021788,"1","PA"
"975",2016,0.50364069516865,"1","PA"
"976",2020,0.715270888203073,"2","PA"
"977",2018,0.805707951825185,"2","PA"
"978",2016,0.751935801773898,"2","PA"
"979",2020,0.906956279164131,"3","PA"
"980",2018,0.938276696448421,"3","PA"
"981",2016,0.918078113072165,"3","PA"
"982",2020,0.596538686381247,"4","PA"
"983",2018,0.652835520040315,"4","PA"
"984",2016,0.573277127077719,"4","PA"
"985",2020,0.662772128640006,"5","PA"
"986",2018,0.703663377999357,"5","PA"
"987",2016,0.649510659654789,"5","PA"
"988",2020,0.57475587968968,"6","PA"
"989",2018,0.619480584052903,"6","PA"
"990",2016,0.546546049286957,"6","PA"
"991",2020,0.503539560090564,"7","PA"
"992",2018,0.581173826475202,"7","PA"
"993",2016,0.485719471043671,"7","PA"
"994",2020,0.485933340432329,"8","PA"
"995",2018,0.573921841889235,"8","PA"
"996",2016,0.459003089984082,"8","PA"
"997",2020,0.314739775432565,"9","PA"
"998",2018,0.410931050995356,"9","PA"
"999",2016,0.294202109224142,"9","PA"
"1000",2020,0.480034602605913,"10","PA"
"1001",2018,0.54916166280137,"10","PA"
"1002",2016,0.449079035953977,"10","PA"
"1003",2020,0.392303276924181,"11","PA"
"1004",2018,0.459378538180903,"11","PA"
"1005",2016,0.366374860953191,"11","PA"
"1006",2020,0.601119080223533,"12","PA"
"1007",2018,0.689668256721596,"12","PA"
"1008",2016,0.590733469039333,"12","PA"
"1009",2020,0.271318282245981,"13","PA"
"1010",2018,0.358055849548156,"13","PA"
"1011",2016,0.260935134243783,"13","PA"
"1012",2020,0.341081784011937,"14","PA"
"1013",2018,0.46740052306786,"14","PA"
"1014",2016,0.334648377842166,"14","PA"
"1015",2020,0.312378191863674,"15","PA"
"1016",2018,0.405967296193941,"15","PA"
"1017",2016,0.310468562323074,"15","PA"
"1018",2020,0.3954983041386,"16","PA"
"1019",2018,0.493894462921473,"16","PA"
"1020",2016,0.384596674012063,"16","PA"
"1021",2020,0.529266585215771,"17","PA"
"1022",2018,0.617678190201109,"17","PA"
"1023",2016,0.505074608202734,"17","PA"
"1024",2020,0.6458517381273,"1","RI"
"1025",2018,0.652296613468276,"1","RI"
"1026",2016,0.629758713136729,"1","RI"
"1027",2020,0.565997548726534,"2","RI"
"1028",2018,0.522918803228252,"2","RI"
"1029",2016,0.53465403617076,"2","RI"
"1030",2020,0.456852901251858,"1","SC"
"1031",2018,0.468425351710574,"1","SC"
"1032",2016,0.422428571946344,"1","SC"
"1033",2020,0.444345341788029,"2","SC"
"1034",2018,0.459007287506405,"2","SC"
"1035",2016,0.407536558311822,"2","SC"
"1036",2020,0.309963510602441,"3","SC"
"1037",2018,0.333929924769534,"3","SC"
"1038",2016,0.302662582885566,"3","SC"
"1039",2020,0.40572375215906,"4","SC"
"1040",2018,0.420156927222095,"4","SC"
"1041",2016,0.373805244819366,"4","SC"
"1042",2020,0.407531364483489,"5","SC"
"1043",2018,0.422035492312725,"5","SC"
"1044",2016,0.393674046714945,"5","SC"
"1045",2020,0.662750937065152,"6","SC"
"1046",2018,0.684518939006512,"6","SC"
"1047",2016,0.665113267270805,"6","SC"
"1048",2020,0.405752006112817,"7","SC"
"1049",2018,0.426866120800993,"7","SC"
"1050",2016,0.402305541013419,"7","SC"
"1051",2020,NA,"AL","SD"
"1052",2018,0.481367977570206,"AL","SD"
"1053",2016,0.335878174604333,"AL","SD"
"1054",2020,0.224249480047781,"1","TN"
"1055",2018,NA,"1","TN"
"1056",2016,0.204105983897228,"1","TN"
"1057",2020,0.351908445273202,"2","TN"
"1058",2018,NA,"2","TN"
"1059",2016,0.313762152694378,"2","TN"
"1060",2020,0.33947888334677,"3","TN"
"1061",2018,NA,"3","TN"
"1062",2016,0.316098957568639,"3","TN"
"1063",2020,0.307998638958551,"4","TN"
"1064",2018,NA,"4","TN"
"1065",2016,0.2849335531901,"4","TN"
"1066",2020,0.439100033665319,"5","TN"
"1067",2018,NA,"5","TN"
"1068",2016,0.405011513992428,"5","TN"
"1069",2020,0.337940872024035,"6","TN"
"1070",2018,NA,"6","TN"
"1071",2016,0.321478407680885,"6","TN"
"1072",2020,0.420209780454016,"7","TN"
"1073",2018,NA,"7","TN"
"1074",2016,0.407651449222551,"7","TN"
"1075",2020,0.303120626442198,"8","TN"
"1076",2018,NA,"8","TN"
"1077",2016,0.294517755684427,"8","TN"
"1078",2020,0.784941700693367,"9","TN"
"1079",2018,NA,"9","TN"
"1080",2016,0.785694581099596,"9","TN"
"1081",2020,0.27204826199368,"1","TX"
"1082",2018,0.24789242906408,"1","TX"
"1083",2016,0.257294853038968,"1","TX"
"1084",2020,0.387320849670157,"2","TX"
"1085",2018,0.328670161727691,"2","TX"
"1086",2016,0.335872490350908,"2","TX"
"1087",2020,0.429377751324805,"3","TX"
"1088",2018,0.358473550466143,"3","TX"
"1089",2016,0.363692503915142,"3","TX"
"1090",2020,0.363684692035705,"4","TX"
"1091",2018,0.309172670359707,"4","TX"
"1092",2016,0.315733716650187,"4","TX"
"1093",2020,0.38734359559632,"5","TX"
"1094",2018,0.351617559250953,"5","TX"
"1095",2016,0.35088735583759,"5","TX"
"1096",2020,0.378621850725109,"6","TX"
"1097",2018,0.333560025591037,"6","TX"
"1098",2016,0.336634415803398,"6","TX"
"1099",2020,0.654876296622345,"7","TX"
"1100",2018,0.607809971228196,"7","TX"
"1101",2016,0.659563381054248,"7","TX"
"1102",2020,0.365098662356253,"8","TX"
"1103",2018,0.33263401504289,"8","TX"
"1104",2016,0.337567506261975,"8","TX"
"1105",2020,0.768335715381572,"9","TX"
"1106",2018,0.740219032615036,"9","TX"
"1107",2016,0.79352893767662,"9","TX"
"1108",2020,0.395920902395262,"10","TX"
"1109",2018,0.346551183079144,"10","TX"
"1110",2016,0.353944741742296,"10","TX"
"1111",2020,0.288880964654902,"11","TX"
"1112",2018,0.261638598918038,"11","TX"
"1113",2016,0.274942051615281,"11","TX"
"1114",2020,0.407179348696419,"12","TX"
"1115",2018,0.361843986379351,"12","TX"
"1116",2016,0.363865099772616,"12","TX"
"1117",2020,0.262193862005442,"13","TX"
"1118",2018,0.238111187090352,"13","TX"
"1119",2016,0.22446421487115,"13","TX"
"1120",2020,0.356011484979045,"14","TX"
"1121",2018,0.331033665556331,"14","TX"
"1122",2016,0.352802819307649,"14","TX"
"1123",2020,0.485036143052301,"15","TX"
"1124",2018,0.50144290318606,"15","TX"
"1125",2016,0.568916993440963,"15","TX"
"1126",2020,0.6805270311408,"16","TX"
"1127",2018,0.677775329276355,"16","TX"
"1128",2016,0.722248251304976,"16","TX"
"1129",2020,0.383636262188062,"17","TX"
"1130",2018,0.346126913047885,"17","TX"
"1131",2016,0.351284659937708,"17","TX"
"1132",2020,0.745068986995338,"18","TX"
"1133",2018,0.721951689579854,"18","TX"
"1134",2016,0.768487595419847,"18","TX"
"1135",2020,0.265884535632435,"19","TX"
"1136",2018,0.244423787298451,"19","TX"
"1137",2016,0.246120962985628,"19","TX"
"1138",2020,0.667904702950653,"20","TX"
"1139",2018,0.627748302747878,"20","TX"
"1140",2016,0.668957225680622,"20","TX"
"1141",2020,0.398411103325661,"21","TX"
"1142",2018,0.336193916994326,"21","TX"
"1143",2016,0.351072958496182,"21","TX"
"1144",2020,0.419109083101372,"22","TX"
"1145",2018,0.35598102049002,"22","TX"
"1146",2016,0.373071564068559,"22","TX"
"1147",2020,0.455395976884955,"23","TX"
"1148",2018,0.420143921478882,"23","TX"
"1149",2016,0.470501821882756,"23","TX"
"1150",2020,0.432956337559545,"24","TX"
"1151",2018,0.343278783836933,"24","TX"
"1152",2016,0.369674168443642,"24","TX"
"1153",2020,0.338411467349907,"25","TX"
"1154",2018,0.299681375396206,"25","TX"
"1155",2016,0.304048871356564,"25","TX"
"1156",2020,0.407404453660136,"26","TX"
"1157",2018,0.338014033667308,"26","TX"
"1158",2016,0.340288116667795,"26","TX"
"1159",2020,0.38638348733508,"27","TX"
"1160",2018,0.341156628560871,"27","TX"
"1161",2016,0.387485326612346,"27","TX"
"1162",2020,0.538134852232132,"28","TX"
"1163",2018,0.539025976789286,"28","TX"
"1164",2016,0.605103046520975,"28","TX"
"1165",2020,0.681663455362877,"29","TX"
"1166",2018,0.713283475161195,"29","TX"
"1167",2016,0.755435294856892,"29","TX"
"1168",2020,0.789953962819283,"30","TX"
"1169",2018,0.753889695351851,"30","TX"
"1170",2016,0.792792083973564,"30","TX"
"1171",2020,0.392356043237172,"31","TX"
"1172",2018,0.331245668973624,"31","TX"
"1173",2016,0.335185851858519,"31","TX"
"1174",2020,0.670881288842387,"32","TX"
"1175",2018,0.605638528138528,"32","TX"
"1176",2016,0.642101886936053,"32","TX"
"1177",2020,0.756633925510916,"33","TX"
"1178",2018,0.751855661945082,"33","TX"
"1179",2016,0.772273701916156,"33","TX"
"1180",2020,0.577791238442323,"34","TX"
"1181",2018,0.580657946888625,"34","TX"
"1182",2016,0.687691233415857,"34","TX"
"1183",2020,0.738638463149165,"35","TX"
"1184",2018,0.724538417481977,"35","TX"
"1185",2016,0.735277576926167,"35","TX"
"1186",2020,0.336310954350666,"36","TX"
"1187",2018,0.309464212452693,"36","TX"
"1188",2016,0.323823318862482,"36","TX"
"1189",2020,0.768516299298477,"37","TX"
"1190",2018,0.718866679145281,"37","TX"
"1191",2016,0.742964873845128,"37","TX"
"1192",2020,0.405756099006088,"38","TX"
"1193",2018,0.333925140356899,"38","TX"
"1194",2016,0.357643338986823,"38","TX"
"1195",2020,0.39084115121641,"1","UT"
"1196",2018,0.334242457976177,"1","UT"
"1197",2016,0.387383937972624,"1","UT"
"1198",2020,0.402347750962643,"2","UT"
"1199",2018,0.367400650683904,"2","UT"
"1200",2016,0.385638116070818,"2","UT"
"1201",2020,0.398129527778451,"3","UT"
"1202",2018,0.312650864927339,"3","UT"
"1203",2016,0.361076595267467,"3","UT"
"1204",2020,0.364005276639041,"4","UT"
"1205",2018,0.292483158807443,"4","UT"
"1206",2016,0.348888760607285,"4","UT"
"1207",2020,0.465301623158357,"1","VA"
"1208",2018,0.44569488201749,"1","VA"
"1209",2016,0.426289146472217,"1","VA"
"1210",2020,0.508622848760242,"2","VA"
"1211",2018,0.508934430922777,"2","VA"
"1212",2016,0.470111035306665,"2","VA"
"1213",2020,0.695164522693693,"3","VA"
"1214",2018,0.698829479472291,"3","VA"
"1215",2016,0.676319659402927,"3","VA"
"1216",2020,0.684226895192695,"4","VA"
"1217",2018,0.671856094567422,"4","VA"
"1218",2016,0.667553017264482,"4","VA"
"1219",2020,0.458772702725748,"5","VA"
"1220",2018,0.450455955811909,"5","VA"
"1221",2016,0.441136424784148,"5","VA"
"1222",2020,0.387681047607291,"6","VA"
"1223",2018,0.389643347050754,"6","VA"
"1224",2016,0.364354978566456,"6","VA"
"1225",2020,0.534689403039093,"7","VA"
"1226",2018,0.528336646386764,"7","VA"
"1227",2016,0.512135231316726,"7","VA"
"1228",2020,0.785464634925958,"8","VA"
"1229",2018,0.764338058455705,"8","VA"
"1230",2016,0.778905041017644,"8","VA"
"1231",2020,0.287918670680658,"9","VA"
"1232",2018,0.313173163937044,"9","VA"
"1233",2016,0.284366452120308,"9","VA"
"1234",2020,0.593170623997912,"10","VA"
"1235",2018,0.552487740448791,"10","VA"
"1236",2016,0.541828667805807,"10","VA"
"1237",2020,0.710090914952608,"11","VA"
"1238",2018,0.680268729641694,"11","VA"
"1239",2016,0.683648768911302,"11","VA"
"1240",2020,0.682991865528066,"AL","VT"
"1241",2018,0.421776326855151,"AL","VT"
"1242",2016,0.651864263238204,"AL","VT"
"1243",2020,0.659745050379587,"1","WA"
"1244",2018,0.618574015454156,"1","WA"
"1245",2016,0.641933146691802,"1","WA"
"1246",2020,0.617262878578629,"2","WA"
"1247",2018,0.589278824152257,"2","WA"
"1248",2016,0.596949602957197,"2","WA"
"1249",2020,0.478796577718985,"3","WA"
"1250",2018,0.488492225012989,"3","WA"
"1251",2016,0.459068139233334,"3","WA"
"1252",2020,0.413722222045171,"4","WA"
"1253",2018,0.392713588231023,"4","WA"
"1254",2016,0.383585839099382,"4","WA"
"1255",2020,0.448983545482769,"5","WA"
"1256",2018,0.465537070635628,"5","WA"
"1257",2016,0.422899973806342,"5","WA"
"1258",2020,0.588563248175098,"6","WA"
"1259",2018,0.56646612190917,"6","WA"
"1260",2016,0.565091443233327,"6","WA"
"1261",2020,0.884971641854692,"7","WA"
"1262",2018,0.8567420683484,"7","WA"
"1263",2016,0.882941843598935,"7","WA"
"1264",2020,0.536243285702874,"8","WA"
"1265",2018,0.509320040396079,"8","WA"
"1266",2016,0.518977231299506,"8","WA"
"1267",2020,0.728185807444186,"9","WA"
"1268",2018,0.709557366134141,"9","WA"
"1269",2016,0.732285641864645,"9","WA"
"1270",2020,0.593867526501964,"10","WA"
"1271",2018,0.569838988142773,"10","WA"
"1272",2016,0.57421284707961,"10","WA"
"1273",2020,0.489534194680281,"1","WI"
"1274",2018,0.492708506146454,"1","WI"
"1275",2016,0.485488167086078,"1","WI"
"1276",2020,0.712406701211995,"2","WI"
"1277",2018,0.719686002873391,"2","WI"
"1278",2016,0.70180485114574,"2","WI"
"1279",2020,0.476485312236561,"3","WI"
"1280",2018,0.509908418274952,"3","WI"
"1281",2016,0.476406961734202,"3","WI"
"1282",2020,0.77032879052588,"4","WI"
"1283",2018,0.748103861196782,"4","WI"
"1284",2016,0.765571208983854,"4","WI"
"1285",2020,0.383289728756797,"5","WI"
"1286",2018,0.336988899005933,"5","WI"
"1287",2016,0.355212928678078,"5","WI"
"1288",2020,0.420445841011598,"6","WI"
"1289",2018,0.415425143405487,"6","WI"
"1290",2016,0.408166448132253,"6","WI"
"1291",2020,0.398827594688247,"7","WI"
"1292",2018,0.416156867187795,"7","WI"
"1293",2016,0.392563556313024,"7","WI"
"1294",2020,0.421470814738754,"8","WI"
"1295",2018,0.426197757069389,"8","WI"
"1296",2016,0.409031092083099,"8","WI"
"1297",NA,NA,"1","WV"
"1298",NA,NA,"1","WV"
"1299",NA,NA,"1","WV"
"1300",NA,NA,"2","WV"
"1301",NA,NA,"2","WV"
"1302",NA,NA,"2","WV"
"1303",2020,0.275195656244149,"AL","WY"
"1304",2018,0.290913154898974,"AL","WY"
"1305",2016,0.242946803708462,"AL","WY"
